OrderID,RiderID,TimeToDispatch,TimeInTransit,DeliveryLocationPincode,DeliveryStatus
string,RID_001 RID_002 RID_003 RID_004 RID_005 RID_006 RID_007 RID_008 RID_009 RID_010,continuous,continuous,101206.0 102689.0 102973.0 106402.0 108060.0 108105.0 108491.0 109853.0 114338.0 114594.0 115582.0 116093.0 116547.0 119651.0 121753.0 121869.0 122394.0 123005.0 126240.0 127032.0 127121.0 127529.0 130271.0 130353.0 130359.0 132146.0 132663.0 134305.0 134985.0 137642.0 138479.0 138817.0 139019.0 139434.0 141043.0 141337.0 141797.0 142185.0 143015.0 144357.0 145471.0 145767.0 147549.0 147623.0 148225.0 151426.0 152179.0 153035.0 153945.0 154118.0 154909.0 154944.0 155164.0 156837.0 157443.0 158845.0 158900.0 159653.0 162894.0 163491.0 163780.0 164879.0 166287.0 166645.0 168872.0 169113.0 170394.0 171603.0 171744.0 171942.0 172965.0 173201.0 175576.0 177060.0 177449.0 177794.0 178463.0 178957.0 179013.0 180089.0 180458.0 181644.0 182467.0 182804.0 184216.0 184349.0 184714.0 185461.0 185544.0 188425.0 188834.0 189083.0 189511.0 192337.0 192410.0 194511.0 194682.0 194689.0 194769.0 195656.0 195674.0 195763.0 196126.0 196214.0 197736.0 197758.0 199096.0 199704.0 201255.0 201883.0 201913.0 203225.0 203831.0 203996.0 204180.0 204555.0 205239.0 205389.0 207798.0 208529.0 208633.0 209680.0 211005.0 211834.0 213206.0 213475.0 213609.0 214351.0 215266.0 216276.0 218972.0 219169.0 219346.0 219565.0 219971.0 220465.0 220764.0 220768.0 221552.0 221761.0 222343.0 223172.0 225812.0 227324.0 228093.0 228168.0 229592.0 232040.0 232321.0 232378.0 232915.0 235215.0 235461.0 236306.0 236435.0 237377.0 237795.0 238205.0 238579.0 242254.0 243139.0 243423.0 243901.0 246566.0 247594.0 248298.0 248766.0 250069.0 250210.0 251157.0 251668.0 251716.0 252640.0 253557.0 254721.0 254864.0 255539.0 255813.0 257677.0 258189.0 258290.0 259493.0 260053.0 260295.0 261450.0 261859.0 262029.0 262246.0 263137.0 265055.0 265056.0 265649.0 266071.0 266457.0 268637.0 272537.0 274446.0 276299.0 278240.0 280222.0 280941.0 281926.0 282710.0 282973.0 283573.0 283700.0 284171.0 284229.0 285751.0 288803.0 289179.0 290217.0 290305.0 296694.0 297383.0 297816.0 299028.0 299367.0 299869.0 303322.0 306854.0 308894.0 310548.0 313446.0 314353.0 315173.0 317220.0 321494.0 322409.0 323072.0 325468.0 325583.0 326040.0 326441.0 327823.0 329642.0 331230.0 332120.0 332311.0 332335.0 335137.0 335615.0 336574.0 337144.0 338536.0 339592.0 340044.0 341288.0 341296.0 343467.0 344316.0 344907.0 345180.0 346174.0 346205.0 347582.0 347745.0 348728.0 349489.0 350405.0 350921.0 352528.0 355135.0 355400.0 355570.0 356059.0 359778.0 362246.0 362529.0 362801.0 362829.0 364236.0 364659.0 366314.0 367271.0 367729.0 367931.0 368402.0 369452.0 374896.0 377304.0 377896.0 378258.0 380028.0 380150.0 380439.0 382602.0 385320.0 385765.0 386436.0 386544.0 386706.0 387813.0 388016.0 388375.0 389282.0 389666.0 390743.0 391668.0 392099.0 393328.0 396578.0 396635.0 397005.0 397949.0 400096.0 401022.0 401338.0 401601.0 401603.0 402020.0 402218.0 403507.0 403578.0 406039.0 407618.0 409222.0 409445.0 409478.0 409571.0 410244.0 413058.0 413685.0 414012.0 416061.0 416282.0 416797.0 416869.0 417530.0 419149.0 423401.0 423939.0 423993.0 424620.0 425301.0 425346.0 425486.0 425845.0 426775.0 427626.0 427704.0 427730.0 428267.0 429795.0 431495.0 432043.0 433632.0 436653.0 437145.0 437408.0 437758.0 437978.0 438908.0 438977.0 439498.0 440131.0 440140.0 440544.0 440981.0 442589.0 443939.0 444061.0 444519.0 444525.0 445658.0 445705.0 445824.0 448121.0 448588.0 449247.0 449499.0 449555.0 449709.0 450905.0 454803.0 455007.0 455168.0 455395.0 456005.0 456331.0 456385.0 457455.0 460120.0 461888.0 461939.0 462351.0 464863.0 466346.0 466813.0 467121.0 468074.0 468154.0 468727.0 469038.0 469435.0 470774.0 471371.0 475644.0 475876.0 476096.0 476395.0 479353.0 479430.0 479625.0 480303.0 481574.0 482584.0 483542.0 483629.0 485178.0 485415.0 486490.0 486649.0 488028.0 488528.0 489033.0 489518.0 490748.0 490963.0 492483.0 493049.0 494468.0 495533.0 498468.0 498676.0 499407.0 499534.0 499749.0 499889.0 501126.0 501574.0 502219.0 503159.0 503380.0 504832.0 505341.0 506235.0 507524.0 510997.0 513741.0 514463.0 514991.0 515032.0 516359.0 516716.0 516791.0 517479.0 518098.0 519902.0 519904.0 520252.0 521126.0 523808.0 524068.0 524707.0 527809.0 527940.0 528129.0 528184.0 528625.0 529893.0 530728.0 530764.0 531641.0 532067.0 533321.0 533914.0 534303.0 535037.0 535098.0 535673.0 535686.0 536196.0 537983.0 539486.0 540226.0 541409.0 543481.0 544611.0 544920.0 546980.0 547494.0 549956.0 550137.0 550797.0 550961.0 551096.0 551574.0 551607.0 552855.0 553014.0 555052.0 556839.0 557058.0 557409.0 557925.0 559022.0 559398.0 560767.0 561124.0 561694.0 562236.0 563187.0 563513.0 563516.0 563688.0 563711.0 564637.0 564920.0 565108.0 565230.0 566297.0 568238.0 570050.0 570711.0 571579.0 572407.0 573489.0 573866.0 573962.0 575528.0 575679.0 575682.0 575755.0 576805.0 576877.0 576919.0 577463.0 578975.0 579027.0 579123.0 580292.0 581894.0 582087.0 582446.0 583550.0 583863.0 584172.0 584417.0 585188.0 586490.0 586819.0 587853.0 591081.0 591699.0 592296.0 592841.0 593355.0 594379.0 595158.0 595951.0 597305.0 598733.0 599380.0 602248.0 605254.0 605612.0 605937.0 606680.0 607868.0 608257.0 609253.0 610271.0 611650.0 613117.0 613425.0 614084.0 615611.0 616554.0 618119.0 619389.0 619536.0 620856.0 621546.0 621841.0 622584.0 622707.0 624563.0 625721.0 626169.0 626690.0 628313.0 629057.0 630108.0 631699.0 631981.0 632060.0 632401.0 632929.0 633590.0 634723.0 635280.0 637234.0 638169.0 639593.0 643623.0 644173.0 646781.0 648141.0 649414.0 649525.0 651499.0 651640.0 652530.0 656251.0 656329.0 656379.0 656639.0 656968.0 658453.0 659543.0 662636.0 663658.0 664742.0 665610.0 666432.0 666456.0 667296.0 668950.0 669827.0 670913.0 673149.0 674993.0 675898.0 676818.0 677596.0 678043.0 678116.0 678727.0 679077.0 681128.0 681242.0 683286.0 683397.0 683783.0 684384.0 685066.0 685864.0 688215.0 688678.0 688866.0 688967.0 691119.0 691912.0 692002.0 693418.0 693419.0 693830.0 695164.0 699425.0 699573.0 699704.0 701253.0 701987.0 702733.0 703139.0 703727.0 704238.0 705991.0 707616.0 707727.0 708093.0 708519.0 711046.0 711484.0 712955.0 713762.0 713799.0 714867.0 714953.0 715448.0 715643.0 715870.0 716113.0 717457.0 717476.0 718849.0 720148.0 721946.0 722503.0 722937.0 723945.0 724932.0 725185.0 726152.0 726410.0 726928.0 727086.0 728437.0 728492.0 729575.0 731661.0 731977.0 733039.0 734394.0 734836.0 735863.0 736553.0 736565.0 737846.0 738448.0 738577.0 739098.0 739427.0 739717.0 743378.0 744883.0 744986.0 745558.0 747453.0 747850.0 748151.0 749641.0 749813.0 751051.0 751924.0 752878.0 753534.0 754644.0 754858.0 755788.0 757246.0 757685.0 757937.0 758452.0 758765.0 760626.0 761532.0 761820.0 762055.0 763829.0 763928.0 763984.0 764532.0 765620.0 766158.0 766269.0 767542.0 768891.0 769567.0 769975.0 770556.0 771237.0 772875.0 773918.0 774225.0 774591.0 775981.0 776149.0 776796.0 777513.0 777737.0 778748.0 779112.0 779172.0 780776.0 781403.0 782535.0 783157.0 783501.0 783691.0 786516.0 786587.0 786735.0 787351.0 787923.0 788457.0 788637.0 789275.0 789606.0 789786.0 790203.0 790909.0 791201.0 791998.0 793169.0 794093.0 794299.0 794769.0 794963.0 795847.0 795928.0 797416.0 797660.0 799233.0 799539.0 800499.0 802559.0 802685.0 803055.0 804938.0 805000.0 805511.0 806707.0 807053.0 807115.0 807166.0 807617.0 807764.0 809176.0 810526.0 810687.0 811163.0 811332.0 811444.0 811875.0 813928.0 814220.0 814919.0 816318.0 817644.0 818987.0 819112.0 819425.0 820184.0 823108.0 823811.0 823846.0 826353.0 827157.0 827369.0 827712.0 830316.0 831380.0 832168.0 832409.0 833247.0 835132.0 835869.0 836833.0 837852.0 838083.0 839485.0 839677.0 841995.0 843266.0 843963.0 844261.0 846746.0 847006.0 849014.0 851413.0 853629.0 855855.0 855948.0 856086.0 856648.0 857537.0 858889.0 859396.0 861319.0 861894.0 862569.0 862712.0 865054.0 867934.0 870214.0 874683.0 874814.0 876962.0 877747.0 878086.0 878325.0 879238.0 880758.0 880841.0 880879.0 881369.0 881886.0 882033.0 882354.0 882544.0 882824.0 883041.0 883301.0 883790.0 885395.0 886730.0 890785.0 891083.0 891093.0 891615.0 892280.0 893005.0 893188.0 896028.0 896290.0 896788.0 896907.0 897143.0 897305.0 897441.0 899444.0 899649.0 899929.0 900177.0 901280.0 901909.0 902325.0 904624.0 904711.0 904751.0 906315.0 910075.0 910208.0 910389.0 911984.0 912085.0 913217.0 913423.0 913934.0 914571.0 915809.0 916118.0 916964.0 919488.0 921273.0 924718.0 925013.0 925206.0 925981.0 926730.0 926918.0 926952.0 927564.0 928358.0 928381.0 929090.0 930281.0 930884.0 931016.0 931621.0 934816.0 935012.0 937302.0 937665.0 938141.0 940247.0 940886.0 943298.0 943671.0 943718.0 945362.0 945664.0 946432.0 949153.0 950360.0 950823.0 951201.0 952547.0 953085.0 953797.0 954628.0 958182.0 958729.0 960408.0 960616.0 961322.0 962367.0 963874.0 964226.0 964749.0 964998.0 967611.0 969752.0 970127.0 970357.0 970813.0 972097.0 972176.0 972442.0 972565.0 973294.0 973835.0 974190.0 975271.0 976566.0 978053.0 978157.0 979060.0 982277.0 985506.0 986088.0 986209.0 986365.0 986438.0 986827.0 988432.0 988456.0 989227.0 992931.0 993140.0 993744.0 994217.0 994787.0 995916.0 996840.0 997004.0 997594.0 999398.0,Late On-Time
meta,,,,,
ORD_0116,RID_006,25,96,184349.0,Late
ORD_0151,RID_008,7,120,727086.0,Late
ORD_0338,RID_003,26,108,141797.0,Late
ORD_0050,RID_005,30,45,553014.0,On-Time
ORD_0206,RID_002,22,74,870214.0,On-Time
ORD_0498,RID_002,13,58,437978.0,On-Time
ORD_0335,RID_007,10,103,733039.0,On-Time
ORD_0079,RID_010,27,52,362529.0,On-Time
ORD_0070,RID_010,25,33,127121.0,On-Time
ORD_0027,RID_010,29,75,195763.0,On-Time
ORD_0271,RID_006,5,119,340044.0,Late
ORD_0050,RID_004,25,100,807053.0,Late
ORD_0292,RID_005,14,40,976566.0,On-Time
ORD_0247,RID_001,10,65,703139.0,On-Time
ORD_0264,RID_007,27,35,715643.0,On-Time
ORD_0079,RID_008,16,35,121753.0,On-Time
ORD_0387,RID_009,8,103,901909.0,On-Time
ORD_0190,RID_008,17,48,804938.0,On-Time
ORD_0047,RID_005,21,111,961322.0,Late
ORD_0461,RID_003,12,27,382602.0,On-Time
ORD_0361,RID_010,30,107,704238.0,Late
ORD_0354,RID_009,24,22,142185.0,On-Time
ORD_0472,RID_006,7,108,900177.0,On-Time
ORD_0488,RID_005,16,38,893005.0,On-Time
ORD_0352,RID_003,11,116,283700.0,Late
ORD_0189,RID_006,16,85,593355.0,On-Time
ORD_0416,RID_003,6,98,644173.0,On-Time
ORD_0256,RID_010,28,105,783157.0,Late
ORD_0222,RID_006,18,93,563711.0,On-Time
ORD_0372,RID_004,26,101,391668.0,Late
ORD_0241,RID_002,27,41,290305.0,On-Time
ORD_0269,RID_008,9,65,713762.0,On-Time
ORD_0001,RID_004,13,110,557058.0,Late
ORD_0034,RID_009,25,32,765620.0,On-Time
ORD_0446,RID_007,15,52,953797.0,On-Time
ORD_0079,RID_002,9,24,615611.0,On-Time
ORD_0236,RID_004,7,109,195674.0,On-Time
ORD_0334,RID_005,21,96,592841.0,On-Time
ORD_0377,RID_003,6,46,464863.0,On-Time
ORD_0349,RID_009,28,97,528184.0,Late
ORD_0098,RID_005,5,43,449499.0,On-Time
ORD_0082,RID_002,11,86,436653.0,On-Time
ORD_0455,RID_003,18,82,802685.0,On-Time
ORD_0477,RID_009,9,113,209680.0,Late
ORD_0415,RID_007,23,118,999398.0,Late
ORD_0192,RID_002,15,67,268637.0,On-Time
ORD_0253,RID_009,27,82,445824.0,On-Time
ORD_0409,RID_004,29,97,531641.0,Late
ORD_0038,RID_009,6,31,827369.0,On-Time
ORD_0014,RID_002,12,47,619536.0,On-Time
ORD_0392,RID_010,13,63,402218.0,On-Time
ORD_0347,RID_004,7,112,794769.0,On-Time
ORD_0310,RID_005,6,62,519904.0,On-Time
ORD_0386,RID_002,11,36,953085.0,On-Time
ORD_0209,RID_010,9,59,897441.0,On-Time
ORD_0357,RID_001,25,68,676818.0,On-Time
ORD_0462,RID_007,30,104,138479.0,Late
ORD_0089,RID_010,9,76,576919.0,On-Time
ORD_0056,RID_001,24,106,192337.0,Late
ORD_0094,RID_008,17,103,429795.0,On-Time
ORD_0093,RID_003,25,83,364659.0,On-Time
ORD_0340,RID_010,24,94,438977.0,On-Time
ORD_0085,RID_006,10,76,221552.0,On-Time
ORD_0445,RID_007,24,117,910075.0,Late
ORD_0245,RID_010,22,93,523808.0,On-Time
ORD_0022,RID_001,29,93,639593.0,Late
ORD_0291,RID_006,6,89,964998.0,On-Time
ORD_0485,RID_007,29,119,101206.0,Late
ORD_0272,RID_006,30,107,789606.0,Late
ORD_0306,RID_004,10,95,668950.0,On-Time
ORD_0122,RID_001,13,62,584417.0,On-Time
ORD_0128,RID_009,29,42,533321.0,On-Time
ORD_0113,RID_004,7,46,156837.0,On-Time
ORD_0427,RID_007,5,77,296694.0,On-Time
ORD_0273,RID_007,5,56,643623.0,On-Time
ORD_0336,RID_002,23,25,479353.0,On-Time
ORD_0442,RID_001,9,84,752878.0,On-Time
ORD_0130,RID_008,17,25,893188.0,On-Time
ORD_0132,RID_008,23,69,622707.0,On-Time
ORD_0085,RID_007,16,41,755788.0,On-Time
ORD_0423,RID_008,20,107,563513.0,Late
ORD_0482,RID_003,29,44,896907.0,On-Time
ORD_0350,RID_002,29,98,154118.0,Late
ORD_0390,RID_007,23,109,313446.0,Late
ORD_0081,RID_008,7,91,380028.0,On-Time
ORD_0487,RID_001,16,70,675898.0,On-Time
ORD_0473,RID_010,9,107,237377.0,On-Time
ORD_0325,RID_009,6,67,402020.0,On-Time
ORD_0069,RID_004,26,89,559398.0,On-Time
ORD_0148,RID_004,11,118,832168.0,Late
ORD_0448,RID_003,17,84,608257.0,On-Time
ORD_0016,RID_006,29,79,227324.0,On-Time
ORD_0307,RID_001,19,65,130271.0,On-Time
ORD_0105,RID_006,26,55,760626.0,On-Time
ORD_0165,RID_002,7,77,738448.0,On-Time
ORD_0488,RID_009,25,95,938141.0,On-Time
ORD_0201,RID_002,24,57,350921.0,On-Time
ORD_0197,RID_007,9,30,844261.0,On-Time
ORD_0426,RID_001,28,31,266071.0,On-Time
ORD_0185,RID_007,12,61,425845.0,On-Time
ORD_0322,RID_005,26,58,677596.0,On-Time
ORD_0265,RID_008,5,90,114338.0,On-Time
ORD_0363,RID_004,12,30,679077.0,On-Time
ORD_0100,RID_010,28,55,527809.0,On-Time
ORD_0342,RID_007,22,71,197736.0,On-Time
ORD_0320,RID_006,24,50,335615.0,On-Time
ORD_0214,RID_005,20,52,982277.0,On-Time
ORD_0278,RID_004,22,32,218972.0,On-Time
ORD_0162,RID_007,24,37,583863.0,On-Time
ORD_0439,RID_005,16,60,223172.0,On-Time
ORD_0157,RID_005,17,77,779172.0,On-Time
ORD_0422,RID_001,17,75,972565.0,On-Time
ORD_0251,RID_002,14,43,261450.0,On-Time
ORD_0366,RID_005,11,92,622584.0,On-Time
ORD_0097,RID_003,29,50,851413.0,On-Time
ORD_0018,RID_002,18,74,406039.0,On-Time
ORD_0327,RID_004,28,29,633590.0,On-Time
ORD_0449,RID_004,20,79,839677.0,On-Time
ORD_0383,RID_004,19,21,386706.0,On-Time
ORD_0097,RID_004,16,34,535673.0,On-Time
ORD_0001,RID_003,13,22,975271.0,On-Time
ORD_0216,RID_007,12,62,605937.0,On-Time
ORD_0132,RID_009,22,50,595158.0,On-Time
ORD_0260,RID_005,27,89,355570.0,On-Time
ORD_0125,RID_004,22,86,578975.0,On-Time
ORD_0082,RID_002,17,75,678043.0,On-Time
ORD_0283,RID_002,22,82,251668.0,On-Time
ORD_0171,RID_005,19,94,502219.0,On-Time
ORD_0059,RID_007,8,34,299869.0,On-Time
ORD_0032,RID_010,21,111,728492.0,Late
ORD_0161,RID_010,9,29,632929.0,On-Time
ORD_0284,RID_009,26,57,882544.0,On-Time
ORD_0106,RID_007,20,66,243139.0,On-Time
ORD_0105,RID_005,13,76,173201.0,On-Time
ORD_0439,RID_010,14,69,389666.0,On-Time
ORD_0228,RID_010,28,90,910208.0,On-Time
ORD_0188,RID_010,22,34,928381.0,On-Time
ORD_0070,RID_006,21,37,995916.0,On-Time
ORD_0318,RID_003,22,101,535098.0,Late
ORD_0464,RID_005,11,107,456385.0,On-Time
ORD_0290,RID_008,8,21,925981.0,On-Time
ORD_0087,RID_001,30,103,632401.0,Late
ORD_0370,RID_001,9,117,380150.0,Late
ORD_0362,RID_007,27,62,960408.0,On-Time
ORD_0472,RID_005,20,45,102689.0,On-Time
ORD_0056,RID_005,7,90,396578.0,On-Time
ORD_0113,RID_001,30,57,861319.0,On-Time
ORD_0013,RID_009,22,113,413058.0,Late
ORD_0440,RID_001,27,61,978157.0,On-Time
ORD_0018,RID_005,25,24,715448.0,On-Time
ORD_0182,RID_010,18,30,708093.0,On-Time
ORD_0461,RID_009,19,84,791998.0,On-Time
ORD_0113,RID_004,21,53,613425.0,On-Time
ORD_0229,RID_008,5,20,255813.0,On-Time
ORD_0171,RID_006,29,102,568238.0,Late
ORD_0295,RID_003,25,21,664742.0,On-Time
ORD_0189,RID_004,21,104,607868.0,Late
ORD_0426,RID_002,27,39,461888.0,On-Time
ORD_0465,RID_001,29,80,448588.0,On-Time
ORD_0079,RID_008,15,106,678727.0,Late
ORD_0146,RID_001,21,40,899929.0,On-Time
ORD_0407,RID_001,30,107,669827.0,Late
ORD_0182,RID_004,18,87,495533.0,On-Time
ORD_0499,RID_010,24,31,577463.0,On-Time
ORD_0286,RID_010,23,41,437408.0,On-Time
ORD_0250,RID_006,25,39,297816.0,On-Time
ORD_0354,RID_009,11,101,831380.0,On-Time
ORD_0314,RID_001,28,20,350405.0,On-Time
ORD_0196,RID_007,17,49,699573.0,On-Time
ORD_0323,RID_010,22,116,501574.0,Late
ORD_0071,RID_005,27,43,344907.0,On-Time
ORD_0248,RID_008,18,33,997594.0,On-Time
ORD_0146,RID_007,5,55,913217.0,On-Time
ORD_0106,RID_004,11,88,530728.0,On-Time
ORD_0263,RID_004,12,94,145767.0,On-Time
ORD_0296,RID_006,22,43,433632.0,On-Time
ORD_0070,RID_006,13,79,880879.0,On-Time
ORD_0470,RID_009,5,114,595951.0,On-Time
ORD_0193,RID_005,26,74,839485.0,On-Time
ORD_0068,RID_008,21,96,950823.0,On-Time
ORD_0494,RID_005,23,99,499749.0,Late
ORD_0305,RID_002,10,43,504832.0,On-Time
ORD_0052,RID_006,7,96,795928.0,On-Time
ORD_0370,RID_009,28,43,930884.0,On-Time
ORD_0363,RID_003,9,73,960616.0,On-Time
ORD_0285,RID_001,6,45,783691.0,On-Time
ORD_0405,RID_001,24,85,259493.0,On-Time
ORD_0474,RID_003,29,99,619389.0,Late
ORD_0334,RID_010,8,57,138817.0,On-Time
ORD_0009,RID_005,14,84,232378.0,On-Time
ORD_0251,RID_003,14,94,626690.0,On-Time
ORD_0431,RID_009,28,70,718849.0,On-Time
ORD_0332,RID_008,25,54,448121.0,On-Time
ORD_0298,RID_003,15,62,205239.0,On-Time
ORD_0435,RID_009,20,48,986088.0,On-Time
ORD_0184,RID_006,30,56,561694.0,On-Time
ORD_0179,RID_007,21,100,204555.0,Late
ORD_0198,RID_004,20,77,651499.0,On-Time
ORD_0128,RID_004,11,73,579123.0,On-Time
ORD_0020,RID_002,20,58,116093.0,On-Time
ORD_0472,RID_005,7,61,857537.0,On-Time
ORD_0411,RID_008,30,47,251157.0,On-Time
ORD_0422,RID_007,20,48,529893.0,On-Time
ORD_0328,RID_007,12,62,786587.0,On-Time
ORD_0065,RID_006,16,22,261859.0,On-Time
ORD_0182,RID_003,7,29,178463.0,On-Time
ORD_0241,RID_005,21,78,592296.0,On-Time
ORD_0369,RID_001,25,33,919488.0,On-Time
ORD_0024,RID_007,22,95,377896.0,On-Time
ORD_0384,RID_009,15,66,455007.0,On-Time
ORD_0431,RID_001,8,61,753534.0,On-Time
ORD_0455,RID_002,20,113,826353.0,Late
ORD_0083,RID_003,21,51,516791.0,On-Time
ORD_0470,RID_003,13,51,781403.0,On-Time
ORD_0319,RID_008,10,61,184216.0,On-Time
ORD_0185,RID_007,28,51,993140.0,On-Time
ORD_0439,RID_006,24,45,444525.0,On-Time
ORD_0316,RID_010,29,20,993744.0,On-Time
ORD_0099,RID_010,6,75,807115.0,On-Time
ORD_0062,RID_004,13,21,659543.0,On-Time
ORD_0286,RID_009,25,100,498468.0,Late
ORD_0477,RID_001,10,49,432043.0,On-Time
ORD_0022,RID_002,7,90,757246.0,On-Time
ORD_0459,RID_004,24,71,853629.0,On-Time
ORD_0212,RID_003,10,110,896290.0,On-Time
ORD_0126,RID_001,11,28,611650.0,On-Time
ORD_0413,RID_005,5,41,667296.0,On-Time
ORD_0499,RID_007,27,53,137642.0,On-Time
ORD_0425,RID_002,5,68,747453.0,On-Time
ORD_0042,RID_005,9,20,171744.0,On-Time
ORD_0098,RID_006,10,92,346174.0,On-Time
ORD_0449,RID_007,17,103,761820.0,On-Time
ORD_0031,RID_001,6,72,817644.0,On-Time
ORD_0158,RID_007,19,102,401338.0,Late
ORD_0112,RID_004,19,119,338536.0,Late
ORD_0402,RID_008,17,59,883041.0,On-Time
ORD_0247,RID_004,30,64,194769.0,On-Time
ORD_0122,RID_006,29,87,555052.0,On-Time
ORD_0273,RID_009,18,28,203225.0,On-Time
ORD_0294,RID_005,30,41,897305.0,On-Time
ORD_0398,RID_004,26,37,764532.0,On-Time
ORD_0471,RID_008,11,95,838083.0,On-Time
ORD_0473,RID_009,18,62,205389.0,On-Time
ORD_0207,RID_004,30,58,565230.0,On-Time
ORD_0110,RID_003,28,92,274446.0,On-Time
ORD_0440,RID_008,14,25,827712.0,On-Time
ORD_0278,RID_005,21,102,414012.0,Late
ORD_0451,RID_002,18,67,130353.0,On-Time
ORD_0056,RID_010,12,26,148225.0,On-Time
ORD_0375,RID_009,8,99,440131.0,On-Time
ORD_0403,RID_003,30,88,934816.0,On-Time
ORD_0057,RID_002,20,35,158845.0,On-Time
ORD_0428,RID_001,28,20,407618.0,On-Time
ORD_0482,RID_008,17,56,475876.0,On-Time
ORD_0291,RID_003,26,102,493049.0,Late
ORD_0114,RID_007,29,56,551607.0,On-Time
ORD_0381,RID_001,24,100,252640.0,Late
ORD_0385,RID_001,22,83,356059.0,On-Time
ORD_0308,RID_009,18,109,656968.0,Late
ORD_0341,RID_008,22,105,532067.0,Late
ORD_0477,RID_003,9,81,693418.0,On-Time
ORD_0198,RID_006,30,91,814919.0,Late
ORD_0421,RID_003,13,80,931016.0,On-Time
ORD_0321,RID_004,7,52,288803.0,On-Time
ORD_0179,RID_001,12,85,278240.0,On-Time
ORD_0385,RID_005,24,49,283573.0,On-Time
ORD_0219,RID_001,26,39,182804.0,On-Time
ORD_0277,RID_001,14,79,739098.0,On-Time
ORD_0437,RID_010,26,101,501126.0,Late
ORD_0016,RID_007,23,93,749813.0,On-Time
ORD_0492,RID_006,25,43,816318.0,On-Time
ORD_0379,RID_002,7,23,352528.0,On-Time
ORD_0061,RID_002,15,56,621841.0,On-Time
ORD_0054,RID_007,15,23,711484.0,On-Time
ORD_0168,RID_001,21,96,250069.0,On-Time
ORD_0026,RID_002,20,108,343467.0,Late
ORD_0336,RID_008,11,96,583550.0,On-Time
ORD_0476,RID_006,8,37,768891.0,On-Time
ORD_0065,RID_002,27,107,366314.0,Late
ORD_0100,RID_007,23,85,581894.0,On-Time
ORD_0074,RID_004,16,67,367729.0,On-Time
ORD_0192,RID_002,19,52,799233.0,On-Time
ORD_0171,RID_006,15,77,109853.0,On-Time
ORD_0273,RID_009,9,102,943718.0,On-Time
ORD_0377,RID_009,9,92,587853.0,On-Time
ORD_0187,RID_008,19,47,401603.0,On-Time
ORD_0023,RID_003,22,54,810526.0,On-Time
ORD_0391,RID_003,15,29,673149.0,On-Time
ORD_0428,RID_002,30,84,265649.0,On-Time
ORD_0181,RID_005,16,61,177449.0,On-Time
ORD_0327,RID_004,6,104,563187.0,On-Time
ORD_0108,RID_007,24,28,462351.0,On-Time
ORD_0335,RID_004,19,79,716113.0,On-Time
ORD_0162,RID_009,24,34,413685.0,On-Time
ORD_0302,RID_002,8,118,769975.0,Late
ORD_0493,RID_006,26,76,544920.0,On-Time
ORD_0452,RID_007,22,88,823846.0,On-Time
ORD_0206,RID_004,10,41,362246.0,On-Time
ORD_0078,RID_006,27,83,579027.0,On-Time
ORD_0016,RID_007,30,60,986365.0,On-Time
ORD_0327,RID_004,23,106,416797.0,Late
ORD_0096,RID_008,15,90,308894.0,On-Time
ORD_0147,RID_009,28,75,503380.0,On-Time
ORD_0002,RID_001,6,42,994787.0,On-Time
ORD_0010,RID_007,12,44,606680.0,On-Time
ORD_0434,RID_009,15,110,211834.0,Late
ORD_0125,RID_010,9,25,348728.0,On-Time
ORD_0081,RID_005,22,53,499889.0,On-Time
ORD_0485,RID_002,27,82,699704.0,On-Time
ORD_0140,RID_010,22,28,476395.0,On-Time
ORD_0326,RID_006,18,79,702733.0,On-Time
ORD_0150,RID_007,26,68,410244.0,On-Time
ORD_0288,RID_002,14,116,833247.0,Late
ORD_0361,RID_002,7,70,409571.0,On-Time
ORD_0340,RID_010,13,79,123005.0,On-Time
ORD_0129,RID_010,7,89,970357.0,On-Time
ORD_0438,RID_001,15,56,790203.0,On-Time
ORD_0239,RID_004,16,50,515032.0,On-Time
ORD_0058,RID_007,16,117,387813.0,Late
ORD_0198,RID_009,7,60,108491.0,On-Time
ORD_0211,RID_003,25,81,693419.0,On-Time
ORD_0402,RID_007,11,112,819112.0,Late
ORD_0390,RID_007,18,77,916118.0,On-Time
ORD_0045,RID_007,28,33,880841.0,On-Time
ORD_0097,RID_002,15,55,151426.0,On-Time
ORD_0279,RID_006,11,55,735863.0,On-Time
ORD_0023,RID_002,29,98,881369.0,Late
ORD_0410,RID_006,25,27,620856.0,On-Time
ORD_0461,RID_010,14,45,973294.0,On-Time
ORD_0391,RID_003,15,55,400096.0,On-Time
ORD_0335,RID_002,19,67,913423.0,On-Time
ORD_0044,RID_006,23,104,937665.0,Late
ORD_0027,RID_002,20,47,341296.0,On-Time
ORD_0282,RID_005,26,87,736553.0,On-Time
ORD_0097,RID_002,25,81,940886.0,On-Time
ORD_0463,RID_003,24,99,469435.0,Late
ORD_0036,RID_003,16,105,329642.0,Late
ORD_0109,RID_006,22,95,767542.0,On-Time
ORD_0055,RID_006,27,99,299367.0,Late
ORD_0192,RID_010,17,70,751051.0,On-Time
ORD_0219,RID_003,9,61,362801.0,On-Time
ORD_0185,RID_003,8,120,810687.0,Late
ORD_0069,RID_001,18,48,892280.0,On-Time
ORD_0317,RID_007,12,101,855948.0,On-Time
ORD_0130,RID_008,13,29,904751.0,On-Time
ORD_0055,RID_002,29,58,791201.0,On-Time
ORD_0378,RID_004,23,101,813928.0,Late
ORD_0097,RID_010,7,20,979060.0,On-Time
ORD_0336,RID_007,9,58,243423.0,On-Time
ORD_0087,RID_008,25,40,758765.0,On-Time
ORD_0294,RID_001,30,84,201883.0,On-Time
ORD_0119,RID_004,22,34,757937.0,On-Time
ORD_0208,RID_006,5,23,777737.0,On-Time
ORD_0334,RID_003,12,79,141337.0,On-Time
ORD_0413,RID_005,23,80,423939.0,On-Time
ORD_0154,RID_010,21,39,926918.0,On-Time
ORD_0035,RID_009,21,29,562236.0,On-Time
ORD_0079,RID_003,15,106,134985.0,Late
ORD_0067,RID_005,6,53,707727.0,On-Time
ORD_0343,RID_008,10,67,482584.0,On-Time
ORD_0413,RID_006,26,52,867934.0,On-Time
ORD_0034,RID_004,18,117,237795.0,Late
ORD_0097,RID_008,7,80,194511.0,On-Time
ORD_0169,RID_003,16,29,409445.0,On-Time
ORD_0169,RID_003,8,73,442589.0,On-Time
ORD_0151,RID_004,16,103,883790.0,On-Time
ORD_0071,RID_009,17,84,535686.0,On-Time
ORD_0003,RID_005,6,96,284171.0,On-Time
ORD_0314,RID_008,6,20,310548.0,On-Time
ORD_0032,RID_006,19,24,238579.0,On-Time
ORD_0287,RID_003,27,99,924718.0,Late
ORD_0082,RID_008,21,34,665610.0,On-Time
ORD_0043,RID_009,11,47,483629.0,On-Time
ORD_0391,RID_008,18,114,656639.0,Late
ORD_0105,RID_004,16,42,626169.0,On-Time
ORD_0001,RID_006,21,36,385765.0,On-Time
ORD_0061,RID_001,18,117,970813.0,Late
ORD_0270,RID_004,10,32,272537.0,On-Time
ORD_0180,RID_008,23,33,369452.0,On-Time
ORD_0224,RID_001,28,30,964749.0,On-Time
ORD_0006,RID_003,10,47,605254.0,On-Time
ORD_0103,RID_001,22,61,945664.0,On-Time
ORD_0010,RID_009,28,115,409478.0,Late
ORD_0071,RID_002,9,118,882824.0,Late
ORD_0090,RID_009,28,80,455168.0,On-Time
ORD_0226,RID_004,28,83,943298.0,On-Time
ORD_0158,RID_002,10,50,220764.0,On-Time
ORD_0228,RID_004,6,100,591081.0,On-Time
ORD_0405,RID_010,12,92,178957.0,On-Time
ORD_0126,RID_006,19,29,247594.0,On-Time
ORD_0444,RID_007,19,27,890785.0,On-Time
ORD_0209,RID_003,15,40,336574.0,On-Time
ORD_0097,RID_003,26,96,809176.0,Late
ORD_0074,RID_010,26,78,859396.0,On-Time
ORD_0115,RID_008,28,69,807166.0,On-Time
ORD_0191,RID_005,5,88,516716.0,On-Time
ORD_0495,RID_004,22,89,986827.0,On-Time
ORD_0170,RID_007,16,49,943671.0,On-Time
ORD_0307,RID_007,16,114,684384.0,Late
ORD_0448,RID_009,29,36,483542.0,On-Time
ORD_0204,RID_009,15,94,194689.0,On-Time
ORD_0056,RID_005,12,39,929090.0,On-Time
ORD_0208,RID_008,11,67,513741.0,On-Time
ORD_0041,RID_010,27,92,114594.0,On-Time
ORD_0032,RID_001,25,21,377304.0,On-Time
ORD_0015,RID_009,6,56,662636.0,On-Time
ORD_0062,RID_008,15,20,229592.0,On-Time
ORD_0155,RID_006,26,23,576877.0,On-Time
ORD_0284,RID_003,14,119,486490.0,Late
ORD_0209,RID_003,7,73,805511.0,On-Time
ORD_0320,RID_008,24,44,885395.0,On-Time
ORD_0494,RID_005,14,22,805000.0,On-Time
ORD_0187,RID_010,22,28,374896.0,On-Time
ORD_0498,RID_007,18,105,712955.0,Late
ORD_0442,RID_005,22,106,499534.0,Late
ORD_0130,RID_008,28,95,962367.0,Late
ORD_0127,RID_010,12,93,769567.0,On-Time
ORD_0292,RID_010,14,53,489518.0,On-Time
ORD_0114,RID_004,26,62,213609.0,On-Time
ORD_0199,RID_002,17,93,807617.0,On-Time
ORD_0013,RID_003,25,113,345180.0,Late
ORD_0271,RID_008,12,41,594379.0,On-Time
ORD_0089,RID_007,8,89,126240.0,On-Time
ORD_0215,RID_002,8,21,749641.0,On-Time
ORD_0444,RID_006,9,113,688678.0,Late
ORD_0278,RID_009,5,85,443939.0,On-Time
ORD_0447,RID_004,21,51,739717.0,On-Time
ORD_0474,RID_009,6,35,332120.0,On-Time
ORD_0481,RID_002,12,95,779112.0,On-Time
ORD_0203,RID_002,11,20,166287.0,On-Time
ORD_0074,RID_009,19,91,766269.0,On-Time
ORD_0025,RID_007,30,67,963874.0,On-Time
ORD_0101,RID_007,29,69,586819.0,On-Time
ORD_0176,RID_001,9,32,835132.0,On-Time
ORD_0427,RID_006,6,34,416869.0,On-Time
ORD_0117,RID_007,11,72,780776.0,On-Time
ORD_0166,RID_006,12,63,528129.0,On-Time
ORD_0041,RID_006,11,27,222343.0,On-Time
ORD_0429,RID_002,11,93,246566.0,On-Time
ORD_0344,RID_006,18,65,147549.0,On-Time
ORD_0424,RID_004,25,88,139019.0,On-Time
ORD_0366,RID_009,22,38,419149.0,On-Time
ORD_0120,RID_001,10,57,616554.0,On-Time
ORD_0097,RID_008,8,30,221761.0,On-Time
ORD_0145,RID_005,14,62,201913.0,On-Time
ORD_0216,RID_001,22,39,346205.0,On-Time
ORD_0229,RID_004,16,39,663658.0,On-Time
ORD_0313,RID_001,20,40,242254.0,On-Time
ORD_0130,RID_006,29,101,507524.0,Late
ORD_0352,RID_002,11,76,575679.0,On-Time
ORD_0377,RID_005,10,69,489033.0,On-Time
ORD_0318,RID_007,9,93,803055.0,On-Time
ORD_0472,RID_002,7,117,879238.0,Late
ORD_0137,RID_006,16,45,830316.0,On-Time
ORD_0324,RID_006,19,49,666432.0,On-Time
ORD_0337,RID_005,14,92,539486.0,On-Time
ORD_0273,RID_005,30,50,715870.0,On-Time
ORD_0117,RID_003,24,61,878325.0,On-Time
ORD_0306,RID_010,23,87,861894.0,On-Time
ORD_0368,RID_010,20,80,262029.0,On-Time
ORD_0094,RID_002,15,80,535037.0,On-Time
ORD_0168,RID_007,12,89,786735.0,On-Time
ORD_0442,RID_001,7,97,203831.0,On-Time
ORD_0203,RID_006,27,87,974190.0,On-Time
ORD_0341,RID_006,11,109,613117.0,On-Time
ORD_0149,RID_003,27,36,745558.0,On-Time
ORD_0402,RID_002,11,38,527940.0,On-Time
ORD_0183,RID_002,18,70,393328.0,On-Time
ORD_0413,RID_009,6,89,134305.0,On-Time
ORD_0152,RID_005,14,82,823811.0,On-Time
ORD_0074,RID_007,23,112,488528.0,Late
ORD_0365,RID_005,30,94,327823.0,Late
ORD_0401,RID_007,13,99,564920.0,On-Time
ORD_0274,RID_004,20,49,566297.0,On-Time
ORD_0042,RID_008,23,44,347582.0,On-Time
ORD_0496,RID_010,22,94,997004.0,On-Time
ORD_0212,RID_010,13,90,480303.0,On-Time
ORD_0101,RID_007,20,45,204180.0,On-Time
ORD_0045,RID_010,17,75,818987.0,On-Time
ORD_0082,RID_005,14,41,485178.0,On-Time
ORD_0017,RID_006,29,108,670913.0,Late
ORD_0073,RID_005,24,38,776149.0,On-Time
ORD_0014,RID_007,18,50,476096.0,On-Time
ORD_0433,RID_002,16,45,163491.0,On-Time
ORD_0157,RID_005,29,61,517479.0,On-Time
ORD_0223,RID_010,23,60,389282.0,On-Time
ORD_0132,RID_003,11,119,299028.0,Late
ORD_0338,RID_009,27,42,228093.0,On-Time
ORD_0404,RID_006,19,66,989227.0,On-Time
ORD_0376,RID_010,20,32,964226.0,On-Time
ORD_0376,RID_003,12,108,576805.0,On-Time
ORD_0047,RID_007,14,85,196126.0,On-Time
ORD_0107,RID_004,8,85,794963.0,On-Time
ORD_0108,RID_003,23,35,322409.0,On-Time
ORD_0265,RID_008,23,92,772875.0,On-Time
ORD_0205,RID_004,25,47,770556.0,On-Time
ORD_0079,RID_001,19,96,726152.0,On-Time
ORD_0155,RID_006,18,54,122394.0,On-Time
ORD_0271,RID_010,5,60,153035.0,On-Time
ORD_0476,RID_001,20,96,925013.0,On-Time
ORD_0485,RID_005,14,50,449709.0,On-Time
ORD_0247,RID_007,23,104,355400.0,Late
ORD_0019,RID_006,26,51,232040.0,On-Time
ORD_0346,RID_002,7,73,925206.0,On-Time
ORD_0436,RID_004,9,117,692002.0,Late
ORD_0026,RID_002,13,91,315173.0,On-Time
ORD_0217,RID_001,22,78,171942.0,On-Time
ORD_0154,RID_003,15,60,970127.0,On-Time
ORD_0154,RID_003,20,85,902325.0,On-Time
ORD_0174,RID_007,6,115,681128.0,Late
ORD_0092,RID_001,16,73,317220.0,On-Time
ORD_0433,RID_009,26,59,714867.0,On-Time
ORD_0338,RID_006,10,47,326441.0,On-Time
ORD_0480,RID_004,15,56,952547.0,On-Time
ORD_0181,RID_003,12,84,344316.0,On-Time
ORD_0131,RID_003,16,93,444519.0,On-Time
ORD_0450,RID_002,6,74,911984.0,On-Time
ORD_0481,RID_002,13,23,254721.0,On-Time
ORD_0298,RID_010,19,118,926952.0,Late
ORD_0275,RID_005,6,29,724932.0,On-Time
ORD_0273,RID_009,5,66,102973.0,On-Time
ORD_0492,RID_002,14,94,390743.0,On-Time
ORD_0417,RID_002,6,33,251716.0,On-Time
ORD_0076,RID_006,16,57,236306.0,On-Time
ORD_0177,RID_010,27,31,666456.0,On-Time
ORD_0184,RID_002,12,64,362829.0,On-Time
ORD_0319,RID_004,9,36,937302.0,On-Time
ORD_0131,RID_006,26,99,282973.0,Late
ORD_0363,RID_005,5,54,215266.0,On-Time
ORD_0049,RID_001,19,85,793169.0,On-Time
ORD_0055,RID_006,10,94,127032.0,On-Time
ORD_0154,RID_001,16,60,238205.0,On-Time
ORD_0355,RID_003,12,86,115582.0,On-Time
ORD_0200,RID_010,17,48,475644.0,On-Time
ORD_0308,RID_005,23,37,928358.0,On-Time
ORD_0356,RID_010,5,39,926730.0,On-Time
ORD_0373,RID_005,15,33,349489.0,On-Time
ORD_0118,RID_010,24,53,717457.0,On-Time
ORD_0263,RID_006,5,68,439498.0,On-Time
ORD_0046,RID_010,12,73,116547.0,On-Time
ORD_0302,RID_008,9,50,282710.0,On-Time
ORD_0356,RID_005,21,77,378258.0,On-Time
ORD_0400,RID_001,12,61,154944.0,On-Time
ORD_0408,RID_005,29,77,232915.0,On-Time
ORD_0189,RID_003,14,101,877747.0,On-Time
ORD_0310,RID_004,6,49,541409.0,On-Time
ORD_0318,RID_008,13,44,651640.0,On-Time
ORD_0129,RID_007,28,82,219169.0,On-Time
ORD_0049,RID_005,27,38,881886.0,On-Time
ORD_0025,RID_002,7,91,166645.0,On-Time
ORD_0266,RID_006,22,111,599380.0,Late
ORD_0118,RID_006,11,27,570050.0,On-Time
ORD_0464,RID_010,19,114,915809.0,Late
ORD_0144,RID_010,25,22,479625.0,On-Time
ORD_0442,RID_006,26,86,638169.0,On-Time
ORD_0200,RID_009,24,105,722503.0,Late
ORD_0157,RID_008,22,100,214351.0,Late
ORD_0487,RID_008,29,119,573962.0,Late
ORD_0348,RID_001,7,36,628313.0,On-Time
ORD_0134,RID_005,27,33,332311.0,On-Time
ORD_0400,RID_007,18,28,744986.0,On-Time
ORD_0148,RID_006,28,81,145471.0,On-Time
ORD_0336,RID_005,6,113,862569.0,On-Time
ORD_0071,RID_008,18,40,921273.0,On-Time
ORD_0233,RID_003,26,95,790909.0,Late
ORD_0334,RID_006,15,56,646781.0,On-Time
ORD_0299,RID_005,20,115,416282.0,Late
ORD_0154,RID_008,12,30,580292.0,On-Time
ORD_0090,RID_004,11,39,774591.0,On-Time
ORD_0334,RID_008,15,54,132663.0,On-Time
ORD_0199,RID_010,7,72,163780.0,On-Time
ORD_0161,RID_002,21,66,602248.0,On-Time
ORD_0026,RID_009,18,94,988456.0,On-Time
ORD_0121,RID_009,10,71,521126.0,On-Time
ORD_0301,RID_010,12,27,546980.0,On-Time
ORD_0212,RID_010,26,23,819425.0,On-Time
ORD_0063,RID_006,9,46,213206.0,On-Time
ORD_0451,RID_004,12,63,614084.0,On-Time
ORD_0436,RID_004,6,59,847006.0,On-Time
ORD_0068,RID_006,19,66,565108.0,On-Time
ORD_0253,RID_005,16,113,177060.0,Late
ORD_0410,RID_006,21,63,184714.0,On-Time
ORD_0459,RID_007,5,67,437758.0,On-Time
ORD_0002,RID_007,19,110,737846.0,Late
ORD_0398,RID_009,18,104,255539.0,Late
ORD_0108,RID_008,24,71,168872.0,On-Time
ORD_0286,RID_006,26,103,232321.0,Late
ORD_0049,RID_006,20,87,388375.0,On-Time
ORD_0140,RID_005,13,30,754644.0,On-Time
ORD_0218,RID_001,5,96,763829.0,On-Time
ORD_0044,RID_009,21,92,713799.0,On-Time
ORD_0417,RID_009,17,23,674993.0,On-Time
ORD_0269,RID_009,25,95,846746.0,On-Time
ORD_0078,RID_008,30,92,440981.0,Late
ORD_0216,RID_010,25,96,499407.0,Late
ORD_0382,RID_003,9,67,726410.0,On-Time
ORD_0098,RID_001,14,45,656329.0,On-Time
ORD_0236,RID_008,10,96,409222.0,On-Time
ORD_0282,RID_007,28,58,575755.0,On-Time
ORD_0149,RID_005,23,111,630108.0,Late
ORD_0412,RID_010,29,77,734836.0,On-Time
ORD_0304,RID_007,17,38,551096.0,On-Time
ORD_0484,RID_010,5,107,203996.0,On-Time
ORD_0424,RID_004,24,102,931621.0,Late
ORD_0066,RID_009,29,96,835869.0,Late
ORD_0234,RID_010,19,96,219971.0,On-Time
ORD_0457,RID_002,18,77,994217.0,On-Time
ORD_0087,RID_009,12,47,786516.0,On-Time
ORD_0079,RID_009,14,85,782535.0,On-Time
ORD_0205,RID_005,13,29,906315.0,On-Time
ORD_0279,RID_001,21,105,678116.0,Late
ORD_0337,RID_007,13,96,855855.0,On-Time
ORD_0254,RID_010,7,77,325468.0,On-Time
ORD_0304,RID_010,15,92,550961.0,On-Time
ORD_0380,RID_004,16,116,573489.0,Late
ORD_0130,RID_009,14,33,339592.0,On-Time
ORD_0084,RID_006,29,103,533914.0,Late
ORD_0276,RID_003,21,34,455395.0,On-Time
ORD_0187,RID_006,21,115,967611.0,Late
ORD_0046,RID_010,29,52,575528.0,On-Time
ORD_0387,RID_006,15,36,518098.0,On-Time
ORD_0183,RID_005,26,43,536196.0,On-Time
ORD_0268,RID_002,8,49,865054.0,On-Time
ORD_0296,RID_010,11,81,199704.0,On-Time
ORD_0322,RID_010,25,32,427730.0,On-Time
ORD_0100,RID_002,30,81,547494.0,On-Time
ORD_0078,RID_007,18,66,427704.0,On-Time
ORD_0272,RID_002,11,35,797416.0,On-Time
ORD_0339,RID_006,28,85,367271.0,On-Time
ORD_0162,RID_005,12,100,492483.0,On-Time
ORD_0044,RID_004,5,115,260053.0,On-Time
ORD_0238,RID_007,28,62,820184.0,On-Time
ORD_0134,RID_008,26,27,597305.0,On-Time
ORD_0461,RID_004,8,22,170394.0,On-Time
ORD_0192,RID_001,16,31,195656.0,On-Time
ORD_0356,RID_001,28,103,972176.0,Late
ORD_0278,RID_001,7,35,189511.0,On-Time
ORD_0018,RID_001,17,97,197758.0,On-Time
ORD_0012,RID_005,24,99,552855.0,Late
ORD_0180,RID_004,10,78,201255.0,On-Time
ORD_0123,RID_009,15,68,880758.0,On-Time
ORD_0246,RID_003,27,82,874683.0,On-Time
ORD_0222,RID_007,8,81,490748.0,On-Time
ORD_0373,RID_008,24,68,951201.0,On-Time
ORD_0051,RID_006,20,70,236435.0,On-Time
ORD_0488,RID_010,11,52,683397.0,On-Time
ORD_0071,RID_001,26,49,162894.0,On-Time
ORD_0480,RID_008,15,78,714953.0,On-Time
ORD_0048,RID_010,28,95,688866.0,Late
ORD_0019,RID_003,5,34,688967.0,On-Time
ORD_0262,RID_008,30,101,445658.0,Late
ORD_0084,RID_004,11,111,802559.0,Late
ORD_0155,RID_008,16,42,228168.0,On-Time
ORD_0053,RID_001,11,97,530764.0,On-Time
ORD_0107,RID_003,27,113,470774.0,Late
ORD_0357,RID_006,11,116,797660.0,Late
ORD_0304,RID_009,14,64,886730.0,On-Time
ORD_0135,RID_002,20,81,543481.0,On-Time
ORD_0443,RID_001,30,98,856086.0,Late
ORD_0069,RID_010,12,90,153945.0,On-Time
ORD_0011,RID_003,13,34,401601.0,On-Time
ORD_0143,RID_004,13,65,729575.0,On-Time
ORD_0192,RID_005,6,83,427626.0,On-Time
ORD_0387,RID_003,17,65,468727.0,On-Time
ORD_0378,RID_010,17,75,208633.0,On-Time
ORD_0069,RID_002,27,63,705991.0,On-Time
ORD_0023,RID_002,27,94,632060.0,Late
ORD_0181,RID_007,8,48,323072.0,On-Time
ORD_0293,RID_009,29,114,262246.0,Late
ORD_0009,RID_010,28,81,788637.0,On-Time
ORD_0271,RID_002,16,108,605612.0,Late
ORD_0387,RID_007,21,71,335137.0,On-Time
ORD_0093,RID_007,6,73,988432.0,On-Time
ORD_0454,RID_007,17,107,213475.0,Late
ORD_0017,RID_003,22,76,467121.0,On-Time
ORD_0154,RID_007,19,102,986438.0,Late
ORD_0405,RID_001,12,85,683286.0,On-Time
ORD_0328,RID_010,19,41,485415.0,On-Time
ORD_0149,RID_001,5,39,220465.0,On-Time
ORD_0377,RID_005,24,52,899649.0,On-Time
ORD_0267,RID_002,14,91,392099.0,On-Time
ORD_0422,RID_009,16,44,701987.0,On-Time
ORD_0328,RID_007,9,65,337144.0,On-Time
ORD_0106,RID_004,13,92,946432.0,On-Time
ORD_0472,RID_004,27,117,549956.0,Late
ORD_0381,RID_002,12,76,986209.0,On-Time
ORD_0035,RID_005,20,106,688215.0,Late
ORD_0119,RID_004,18,24,904711.0,On-Time
ORD_0014,RID_001,29,74,958182.0,On-Time
ORD_0014,RID_008,17,80,751924.0,On-Time
ORD_0266,RID_003,27,108,743378.0,Late
ORD_0140,RID_006,25,27,807764.0,On-Time
ORD_0294,RID_004,17,35,773918.0,On-Time
ORD_0364,RID_009,9,67,683783.0,On-Time
ORD_0119,RID_007,20,80,127529.0,On-Time
ORD_0238,RID_009,30,34,738577.0,On-Time
ORD_0034,RID_010,15,84,789786.0,On-Time
ORD_0169,RID_003,26,41,969752.0,On-Time
ORD_0010,RID_001,9,22,827157.0,On-Time
ORD_0122,RID_005,17,73,380439.0,On-Time
ORD_0401,RID_003,15,33,130359.0,On-Time
ORD_0145,RID_006,29,55,289179.0,On-Time
ORD_0451,RID_008,23,101,386544.0,Late
ORD_0446,RID_004,7,101,836833.0,On-Time
ORD_0223,RID_005,19,86,899444.0,On-Time
ORD_0371,RID_005,11,29,423993.0,On-Time
ORD_0257,RID_004,11,68,456331.0,On-Time
ORD_0268,RID_004,10,84,468074.0,On-Time
ORD_0359,RID_004,7,110,106402.0,On-Time
ORD_0004,RID_004,17,76,290217.0,On-Time
ORD_0426,RID_004,11,46,250210.0,On-Time
ORD_0397,RID_005,9,94,693830.0,On-Time
ORD_0354,RID_002,27,24,789275.0,On-Time
ORD_0106,RID_002,22,90,520252.0,On-Time
ORD_0085,RID_009,26,102,172965.0,Late
ORD_0214,RID_002,12,76,248766.0,On-Time
ORD_0121,RID_006,21,112,876962.0,Late
ORD_0132,RID_002,24,34,763928.0,On-Time
ORD_0338,RID_005,5,118,132146.0,Late
ORD_0197,RID_004,18,120,196214.0,Late
ORD_0019,RID_007,21,95,882354.0,On-Time
ORD_0130,RID_007,14,49,656251.0,On-Time
ORD_0012,RID_006,16,39,325583.0,On-Time
ORD_0081,RID_010,20,56,494468.0,On-Time
ORD_0330,RID_005,18,22,540226.0,On-Time
ORD_0354,RID_001,20,92,575682.0,On-Time
ORD_0262,RID_003,12,60,457455.0,On-Time
ORD_0392,RID_009,27,58,265055.0,On-Time
ORD_0125,RID_001,14,45,488028.0,On-Time
ORD_0307,RID_005,21,21,426775.0,On-Time
ORD_0267,RID_002,22,42,856648.0,On-Time
ORD_0447,RID_004,24,42,440140.0,On-Time
ORD_0441,RID_001,20,104,914571.0,Late
ORD_0383,RID_003,21,35,695164.0,On-Time
ORD_0140,RID_010,20,28,725185.0,On-Time
ORD_0329,RID_007,23,32,189083.0,On-Time
ORD_0002,RID_010,28,47,155164.0,On-Time
ORD_0008,RID_003,28,46,263137.0,On-Time
ORD_0250,RID_004,12,70,265056.0,On-Time
ORD_0139,RID_002,10,83,891083.0,On-Time
ORD_0124,RID_003,10,71,747850.0,On-Time
ORD_0309,RID_009,25,100,152179.0,Late
ORD_0228,RID_003,13,57,806707.0,On-Time
ORD_0010,RID_005,8,119,185544.0,Late
ORD_0469,RID_002,30,84,385320.0,On-Time
ORD_0212,RID_004,16,37,564637.0,On-Time
ORD_0112,RID_007,16,82,794093.0,On-Time
ORD_0008,RID_007,27,70,544611.0,On-Time
ORD_0292,RID_003,21,28,609253.0,On-Time
ORD_0477,RID_005,19,32,736565.0,On-Time
ORD_0362,RID_001,13,59,563516.0,On-Time
ORD_0460,RID_010,11,74,534303.0,On-Time
ORD_0253,RID_010,14,98,386436.0,On-Time
ORD_0014,RID_010,20,62,326040.0,On-Time
ORD_0240,RID_001,16,63,891615.0,On-Time
ORD_0438,RID_005,29,87,637234.0,On-Time
ORD_0242,RID_010,11,52,219346.0,On-Time
ORD_0469,RID_009,22,43,461939.0,On-Time
ORD_0342,RID_001,19,55,550797.0,On-Time
ORD_0149,RID_001,10,29,216276.0,On-Time
ORD_0236,RID_004,30,119,397005.0,Late
ORD_0306,RID_004,16,39,811163.0,On-Time
ORD_0478,RID_002,15,94,811444.0,On-Time
ORD_0167,RID_009,24,31,721946.0,On-Time
ORD_0020,RID_009,7,81,610271.0,On-Time
ORD_0216,RID_002,6,37,652530.0,On-Time
ORD_0343,RID_009,10,113,799539.0,Late
ORD_0135,RID_006,28,120,423401.0,Late
ORD_0393,RID_008,26,82,147623.0,On-Time
ORD_0129,RID_010,29,103,331230.0,Late
ORD_0410,RID_004,9,44,514463.0,On-Time
ORD_0422,RID_002,22,31,728437.0,On-Time
ORD_0294,RID_002,20,40,157443.0,On-Time
ORD_0246,RID_009,12,44,108060.0,On-Time
ORD_0189,RID_001,29,30,314353.0,On-Time
ORD_0044,RID_007,30,83,416061.0,On-Time
ORD_0086,RID_003,24,92,321494.0,On-Time
ORD_0044,RID_003,26,69,904624.0,On-Time
ORD_0330,RID_002,15,81,243901.0,On-Time
ORD_0375,RID_010,14,108,901280.0,Late
ORD_0446,RID_006,28,118,367931.0,Late
ORD_0378,RID_010,29,115,403507.0,Late
ORD_0390,RID_002,16,68,444061.0,On-Time
ORD_0145,RID_010,25,33,225812.0,On-Time
ORD_0051,RID_004,10,20,108105.0,On-Time
ORD_0242,RID_010,24,100,621546.0,Late
ORD_0294,RID_009,9,44,883301.0,On-Time
ORD_0408,RID_009,27,78,551574.0,On-Time
ORD_0051,RID_006,13,91,284229.0,On-Time
ORD_0266,RID_004,30,88,235461.0,On-Time
ORD_0120,RID_007,20,24,498676.0,On-Time
ORD_0200,RID_001,26,118,658453.0,Late
ORD_0405,RID_004,18,38,837852.0,On-Time
ORD_0248,RID_005,26,42,341288.0,On-Time
ORD_0070,RID_008,12,28,624563.0,On-Time
ORD_0341,RID_002,24,113,685864.0,Late
ORD_0057,RID_005,23,69,973835.0,On-Time
ORD_0382,RID_006,18,35,800499.0,On-Time
ORD_0039,RID_005,11,52,945362.0,On-Time
ORD_0472,RID_009,9,21,471371.0,On-Time
ORD_0289,RID_010,22,33,175576.0,On-Time
ORD_0443,RID_001,6,20,516359.0,On-Time
ORD_0018,RID_003,15,109,878086.0,Late
ORD_0440,RID_002,26,77,144357.0,On-Time
ORD_0220,RID_003,12,108,557409.0,On-Time
ORD_0313,RID_010,5,35,119651.0,On-Time
ORD_0244,RID_009,26,98,582087.0,Late
ORD_0352,RID_009,16,109,181644.0,Late
ORD_0460,RID_010,6,66,428267.0,On-Time
ORD_0304,RID_002,22,63,703727.0,On-Time
ORD_0298,RID_003,11,99,550137.0,On-Time
ORD_0283,RID_004,30,33,701253.0,On-Time
ORD_0074,RID_009,21,112,524068.0,Late
ORD_0110,RID_003,26,43,843963.0,On-Time
ORD_0180,RID_007,27,74,771237.0,On-Time
ORD_0426,RID_003,18,34,537983.0,On-Time
ORD_0032,RID_007,28,102,403578.0,Late
ORD_0234,RID_007,11,91,220768.0,On-Time
ORD_0282,RID_009,26,53,524707.0,On-Time
ORD_0025,RID_002,29,21,121869.0,On-Time
ORD_0331,RID_006,7,46,440544.0,On-Time
ORD_0279,RID_009,10,93,280222.0,On-Time
ORD_0226,RID_002,24,118,940247.0,Late
ORD_0057,RID_002,6,106,748151.0,On-Time
ORD_0180,RID_005,21,91,582446.0,On-Time
ORD_0232,RID_010,16,111,972442.0,Late
ORD_0382,RID_010,16,42,823108.0,On-Time
ORD_0343,RID_010,21,87,479430.0,On-Time
ORD_0477,RID_008,14,33,192410.0,On-Time
ORD_0287,RID_009,7,82,557925.0,On-Time
ORD_0064,RID_002,24,112,985506.0,Late
ORD_0455,RID_005,22,84,211005.0,On-Time
ORD_0232,RID_007,17,87,355135.0,On-Time
ORD_0289,RID_006,16,82,556839.0,On-Time
ORD_0213,RID_006,21,115,717476.0,Late
ORD_0258,RID_007,8,116,519902.0,Late
ORD_0018,RID_003,27,109,649414.0,Late
ORD_0175,RID_003,14,100,182467.0,On-Time
ORD_0417,RID_010,15,106,514991.0,Late
ORD_0229,RID_009,10,83,425346.0,On-Time
ORD_0226,RID_008,10,51,882033.0,On-Time
ORD_0084,RID_005,13,98,456005.0,On-Time
ORD_0291,RID_006,19,32,332335.0,On-Time
ORD_0435,RID_010,6,85,449247.0,On-Time
ORD_0370,RID_001,8,38,916964.0,On-Time
ORD_0246,RID_010,9,43,276299.0,On-Time
ORD_0402,RID_001,21,107,180089.0,Late
ORD_0110,RID_004,12,30,635280.0,On-Time
ORD_0254,RID_002,12,78,763984.0,On-Time
ORD_0088,RID_007,26,105,219565.0,Late
ORD_0072,RID_002,16,34,656379.0,On-Time
ORD_0381,RID_010,25,29,634723.0,On-Time
ORD_0030,RID_002,12,60,303322.0,On-Time
ORD_0172,RID_005,23,46,913934.0,On-Time
ORD_0309,RID_004,7,79,466346.0,On-Time
ORD_0394,RID_008,22,92,468154.0,On-Time
ORD_0343,RID_004,25,71,862712.0,On-Time
ORD_0436,RID_006,23,47,958729.0,On-Time
ORD_0177,RID_005,23,84,776796.0,On-Time
ORD_0139,RID_002,19,36,954628.0,On-Time
ORD_0194,RID_008,10,114,254864.0,Late
ORD_0186,RID_002,20,63,347745.0,On-Time
ORD_0218,RID_009,12,29,207798.0,On-Time
ORD_0164,RID_009,20,82,253557.0,On-Time
ORD_0161,RID_003,22,120,368402.0,Late
ORD_0431,RID_004,24,112,306854.0,Late
ORD_0013,RID_008,20,101,281926.0,Late
ORD_0296,RID_009,15,66,731661.0,On-Time
ORD_0089,RID_003,11,57,260295.0,On-Time
ORD_0324,RID_005,21,89,897143.0,On-Time
ORD_0042,RID_008,21,95,896028.0,On-Time
ORD_0403,RID_003,16,72,787351.0,On-Time
ORD_0210,RID_007,17,97,179013.0,On-Time
ORD_0229,RID_008,14,63,285751.0,On-Time
ORD_0350,RID_010,11,93,910389.0,On-Time
ORD_0275,RID_003,18,73,758452.0,On-Time
ORD_0442,RID_002,27,39,618119.0,On-Time
ORD_0279,RID_010,5,98,586490.0,On-Time
ORD_0251,RID_007,21,50,891093.0,On-Time
ORD_0310,RID_009,8,26,691119.0,On-Time
ORD_0208,RID_001,25,77,896788.0,On-Time
ORD_0321,RID_003,9,29,707616.0,On-Time
ORD_0140,RID_005,24,29,570711.0,On-Time
ORD_0280,RID_003,28,58,814220.0,On-Time
ORD_0034,RID_001,27,47,691912.0,On-Time
ORD_0309,RID_007,29,49,774225.0,On-Time
ORD_0392,RID_007,11,56,766158.0,On-Time
ORD_0018,RID_010,14,86,754858.0,On-Time
ORD_0057,RID_008,21,62,438908.0,On-Time
ORD_0112,RID_005,11,98,757685.0,On-Time
ORD_0005,RID_010,5,104,431495.0,On-Time
ORD_0410,RID_005,11,71,258290.0,On-Time
ORD_0414,RID_005,30,120,561124.0,Late
ORD_0182,RID_001,28,75,171603.0,On-Time
ORD_0013,RID_010,15,95,591699.0,On-Time
ORD_0339,RID_005,13,87,563688.0,On-Time
ORD_0285,RID_006,16,28,762055.0,On-Time
ORD_0259,RID_001,7,111,417530.0,On-Time
ORD_0090,RID_007,8,42,935012.0,On-Time
ORD_0104,RID_001,8,82,388016.0,On-Time
ORD_0379,RID_002,29,80,720148.0,On-Time
ORD_0186,RID_002,17,59,158900.0,On-Time
ORD_0250,RID_005,27,63,469038.0,On-Time
ORD_0255,RID_010,23,105,631981.0,Late
ORD_0076,RID_007,14,43,177794.0,On-Time
ORD_0386,RID_001,9,70,425486.0,On-Time
ORD_0459,RID_010,11,77,584172.0,On-Time
ORD_0108,RID_001,28,109,573866.0,Late
ORD_0156,RID_001,20,113,139434.0,Late
ORD_0082,RID_006,5,52,159653.0,On-Time
ORD_0077,RID_002,16,35,486649.0,On-Time
ORD_0485,RID_001,6,41,972097.0,On-Time
ORD_0470,RID_006,11,76,401022.0,On-Time
ORD_0460,RID_002,15,81,180458.0,On-Time
ORD_0258,RID_006,17,101,775981.0,On-Time
ORD_0127,RID_010,6,90,996840.0,On-Time
ORD_0485,RID_008,11,109,194682.0,On-Time
ORD_0391,RID_002,19,91,744883.0,On-Time
ORD_0282,RID_009,29,89,722937.0,On-Time
ORD_0474,RID_008,15,49,631699.0,On-Time
ORD_0088,RID_010,6,42,503159.0,On-Time
ORD_0204,RID_001,11,51,585188.0,On-Time
ORD_0016,RID_007,8,105,708519.0,On-Time
ORD_0151,RID_010,15,76,681242.0,On-Time
ORD_0424,RID_006,6,28,930281.0,On-Time
ORD_0254,RID_006,20,50,874814.0,On-Time
ORD_0188,RID_006,11,90,143015.0,On-Time
ORD_0329,RID_006,17,28,571579.0,On-Time
ORD_0032,RID_010,9,32,949153.0,On-Time
ORD_0271,RID_007,21,77,699425.0,On-Time
ORD_0485,RID_003,25,22,783501.0,On-Time
ORD_0397,RID_006,16,54,297383.0,On-Time
ORD_0005,RID_003,23,116,437145.0,Late
ORD_0459,RID_007,11,40,734394.0,On-Time
ORD_0330,RID_007,10,83,598733.0,On-Time
ORD_0308,RID_008,12,114,625721.0,Late
ORD_0333,RID_002,17,71,258189.0,On-Time
ORD_0169,RID_009,9,53,164879.0,On-Time
ORD_0181,RID_005,6,115,572407.0,Late
ORD_0366,RID_009,13,54,208529.0,On-Time
ORD_0178,RID_010,15,34,950360.0,On-Time
ORD_0143,RID_005,28,115,978053.0,Late
ORD_0362,RID_007,10,25,460120.0,On-Time
ORD_0248,RID_009,30,104,849014.0,Late
ORD_0127,RID_004,11,116,188425.0,Late
ORD_0263,RID_002,29,51,629057.0,On-Time
ORD_0040,RID_009,11,71,777513.0,On-Time
ORD_0412,RID_002,23,102,280941.0,Late
ORD_0416,RID_003,10,116,141043.0,Late
ORD_0355,RID_010,15,47,359778.0,On-Time
ORD_0255,RID_002,15,114,841995.0,Late
ORD_0143,RID_003,11,104,559022.0,On-Time
ORD_0240,RID_006,6,117,560767.0,Late
ORD_0228,RID_003,23,83,649525.0,On-Time
ORD_0341,RID_010,8,98,648141.0,On-Time
ORD_0198,RID_008,30,97,739427.0,Late
ORD_0065,RID_006,10,38,266457.0,On-Time
ORD_0388,RID_007,21,34,481574.0,On-Time
ORD_0011,RID_001,29,25,490963.0,On-Time
ORD_0108,RID_003,9,92,396635.0,On-Time
ORD_0026,RID_003,11,120,506235.0,Late
ORD_0445,RID_002,13,103,528625.0,On-Time
ORD_0421,RID_007,29,117,912085.0,Late
ORD_0151,RID_009,5,57,454803.0,On-Time
ORD_0221,RID_004,5,45,811875.0,On-Time
ORD_0341,RID_005,23,101,726928.0,Late
ORD_0496,RID_003,10,111,154909.0,Late
ORD_0237,RID_009,22,70,927564.0,On-Time
ORD_0237,RID_004,14,92,761532.0,On-Time
ORD_0497,RID_005,15,115,778748.0,Late
ORD_0219,RID_001,5,72,450905.0,On-Time
ORD_0487,RID_002,5,75,169113.0,On-Time
ORD_0424,RID_009,17,78,445705.0,On-Time
ORD_0461,RID_002,9,89,199096.0,On-Time
ORD_0151,RID_005,24,97,685066.0,Late
ORD_0123,RID_008,5,111,811332.0,On-Time
ORD_0144,RID_003,24,77,505341.0,On-Time
ORD_0478,RID_006,7,107,397949.0,On-Time
ORD_0189,RID_004,22,32,364236.0,On-Time
ORD_0255,RID_007,13,62,858889.0,On-Time
ORD_0068,RID_010,18,95,992931.0,On-Time
ORD_0104,RID_003,21,70,788457.0,On-Time
ORD_0336,RID_006,27,38,731977.0,On-Time
ORD_0159,RID_010,18,40,257677.0,On-Time
ORD_0309,RID_009,8,110,449555.0,On-Time
ORD_0362,RID_010,9,102,185461.0,On-Time
ORD_0409,RID_001,30,43,711046.0,On-Time
ORD_0300,RID_003,25,45,795847.0,On-Time
ORD_0396,RID_002,21,64,248298.0,On-Time
ORD_0090,RID_008,26,47,466813.0,On-Time
ORD_0357,RID_007,29,101,425301.0,Late
ORD_0256,RID_002,6,119,787923.0,Late
ORD_0496,RID_006,27,48,832409.0,On-Time
ORD_0353,RID_003,26,36,794299.0,On-Time
ORD_0220,RID_008,9,87,510997.0,On-Time
ORD_0009,RID_010,8,63,235215.0,On-Time
ORD_0012,RID_003,8,80,723945.0,On-Time
ORD_0325,RID_010,10,112,843266.0,Late
ORD_0438,RID_009,24,87,188834.0,On-Time
ORD_0244,RID_001,25,93,424620.0,On-Time
